aplicación,nombreSV,IP,SO
AD CONNECT O365 ACTIVE DIRECTORY,VSOPDADCON02,172.31.26.5,
AD CONNECT O365 ACTIVE DIRECTORY,VSPDADCON01,172.30.163.39,
APORTES CERTIAPORTES,sc0102d2z04,172.29.10.144,
AUTENTICACION DIGITAL MINTIC,sc01zfosbpd01,172.29.11.48,
AUTENTICACION DIGITAL MINTIC,sc01zfosbpd02,172.29.11.49,
AUTOMATION ANYWHERE,VSPDAPRPABT01,172.30.163.103,
AUTOMATION ANYWHERE - OLOBOT,VSPDAPBOT01,172.30.163.244,
AUTOMATION ANYWHERE - OLOBOT,vspdapbot02,172.30.163.245,
AUTOMATION ANYWHERE - OLOBOT,VSPDBDBOT01,172.31.4.100,
BASE DE DATOS SNIES,sc01zdbadm05,172.29.10.55,
BASE DE DATOS SNIES,sc01zdbadm17,172.29.10.77,
BLACKBOX,vspdapblbox01,172.30.163.128,
CAPACITACIÓN DE SEGURIDAD Y SALUD EN EL TRABAJO (SST),VSPDAPCSST01,172.30.163.126,
CAPACITACIÓN DE SEGURIDAD Y SALUD EN EL TRABAJO (SST),VSPDAPCSST02,172.30.163.127,
CAPACITACIÓN DE SEGURIDAD Y SALUD EN EL TRABAJO (SST),vspdbdcsst01,172.31.4.85,
CHATBOT AGENTI,VSAGVILIZAPP01,172.29.19.115,
CHATBOT AGENTI,VSAGVILIZAPP02,172.29.19.116,
CHATBOT AGENTI,VSAGVILIZBD01,172.29.11.10,
CHATBOT AGENTI,VSAGVILIZBD02,172.29.11.11,
CHATBOT AGENTI,VSPDAPCHAPE01,172.30.163.88,
CHATBOT AGENTI,VSPDAPCHAPE02,172.30.163.89,
CHATBOT AGENTI,VSPDAPCHAPE03,172.30.163.90,
CHATBOT AGENTI,VSPDAPCHAPE04,172.30.163.91,
CHATBOT AGENTI,VSPDAPCHDAF01,172.30.163.31,
CHATBOT AGENTI,VSPDAPCHDAF02,172.30.163.32,
CHATBOT AGENTI,VSPDAPCHFORM01,172.30.163.22,
CHATBOT AGENTI,VSPDAPCHFORM02,172.30.163.23,
CHATBOT AGENTI,VSPDAPCHFORM03,172.30.163.24,
CHATBOT AGENTI,VSPDAPCHFORM04,172.30.163.25,
CHATBOT AGENTI,VSPDAPCHLIZ01,172.30.163.72,
CHATBOT AGENTI,VSPDAPCHLIZ02,172.30.163.73,
CHATBOT AGENTI,VSPDBDCHAPE01,172.31.4.74,
CHATBOT AGENTI,VSPDBDCHDAF01,172.31.4.29,
CHATBOT AGENTI,VSPDBDCHFORM01,172.31.4.27,
CHATBOT AGENTI,VSPDBDCHLIZ01,172.31.4.66,
CLASIFICACIÓN ÚNICA DE OCUPACIONES PARA COLOMBIA (CUOC),vspdapcuoc01,172.30.163.66,
CLASIFICACIÓN ÚNICA DE OCUPACIONES PARA COLOMBIA (CUOC),vspdbdcuoc01,172.31.4.58,
COMPROMISO SISTEMA INTEGRADO DE GESTIÓN Y AUTOCONTROL SIGA,vscompromisobd02,172.29.11.117,
COMPROMISO SISTEMA INTEGRADO DE GESTIÓN Y AUTOCONTROL SIGA,vspdapcompro01,172.30.163.145,
COMPROMISO SISTEMA INTEGRADO DE GESTIÓN Y AUTOCONTROL SIGA,vspdapcompro02,172.30.163.149,
COMUNICA,VMDIGAPAA01,172.16.2.227,
CONTRATACIÓN,VMDIGAPAA01,172.16.2.227,
CONTROLDOC,sc01zfdbcdoc01,172.29.21.4,
CONTROLDOC,VSPDAPCDOC01,172.30.163.124,
CONTROLDOC,VSPDAPCDOC02,172.30.163.125,
CONVOCATORIAS SENNOVA,vsprdapconv01,172.30.163.10,
CONVOCATORIAS SENNOVA,vsprdapconv02,172.30.163.11,
CONVOCATORIAS SENNOVA,vsprdapconv03,172.30.163.12,
CONVOCATORIAS SENNOVA,vsprdapconv04,172.30.163.13,
CONVOCATORIAS SENNOVA,vsprdapconv05,172.30.163.14,
CONVOCATORIAS SENNOVA,vsprdbdaconv01,172.31.0.19,
CONVOCATORIAS SENNOVA,vsprdbdaconv02,172.31.4.11,
CONVOCATORIAS SENNOVA,vsprdbdsconv01,172.31.4.12,
CONVOCATORIAS SENNOVA,vsprdbdsconv02,172.31.0.22,
CONVOCATORIAS SENNOVA,vsprdsvconv01,172.30.163.15,
CONVOCATORIAS SENNOVA,vsprdsvconv02,172.30.163.16,
CONVOCATORIAS SENNOVA,vsprdsvconv03,172.30.163.17,
CONVOCATORIAS SENNOVA,vsprdsvconv04,172.30.163.18,
CORREO ELECTRÓNICO MISENA,VSMISENAAPP02,172.29.19.163,
CORREO ELECTRÓNICO MISENA,VSMISENABD01,172.29.10.183,
CORREO ELECTRÓNICO MISENA,VSOVIRTAPP12,172.29.18.59,
CORREO ELECTRÓNICO MISENA,VSOVIRTAPP13,172.29.18.60,
CORREO ELECTRÓNICO MISENA,VSOVIRTAPP14,172.29.18.61,
CORREO ELECTRÓNICO MISENA,VSOVIRTTASK,172.29.18.62,
CORREO ELECTRÓNICO MISENA,VSPDBDOVIR01,172.29.10.195,
CORREO ELECTRÓNICO MISENA,VSPDBDOVIR02,172.29.10.196,
CORREO INSTITUCIONAL EXCHANGE,VSOPDAPEXCH03,172.31.26.2,
CORREO INSTITUCIONAL EXCHANGE,VSPDAPEXCH01,172.29.13.174,
CORREO INSTITUCIONAL EXCHANGE,VSPDAPEXCH02,172.29.13.175,
COSTOS WEB,VSPDAPCOSTOS01,172.30.163.54,
COSTOS WEB,VSPDAPCOSTOS02,172.30.163.55,
COSTOS WEB,VSPDAPCOSTOS03,172.30.163.56,
COSTOS WEB,VSPDAPCOSTOS04,172.30.163.57,
COSTOS WEB,vspdbdcostos01,172.31.4.44,
DASHBOARD EMPLEABILIDAD,VSPDAPDASHB01,172.30.163.63,
DASHBOARD EMPLEABILIDAD,VSPDBDDASHB01,172.31.4.55,
DASHBOARD EMPLEABILIDAD,VSPDBDDASHB02,172.31.4.56,
DIRECTORIO ACTIVO,VSPDADDS01,172.29.13.153,
DIRECTORIO ACTIVO,VSPDADDS02,172.29.13.154,
DIRECTORIO ACTIVO,VSPDADDS03,172.29.13.155,
DIRECTORIO ACTIVO,vspdadds04,172.29.13.156,
DIRECTORIO ACTIVO,VSPDADDS05,172.29.13.157,
DIRECTORIO ACTIVO,VSPDADDS06,172.30.132.232,
DIRECTORIO ACTIVO,vspdadds07,172.30.132.229,
DIRECTORIO ACTIVO,VSPDADDS08,172.31.0.119,
DIRECTORIO ACTIVO,vspdaddsaz09,172.41.0.4,
DIRECTORIO ACTIVO,VSPDADDSOD07,172.31.2.101,
DIRECTORIO ACTIVO,VSPDADFORM01,172.29.13.151,
DIRECTORIO ACTIVO,VSPDADFS02,172.30.163.40,
DIRECTORIO ACTIVO,VSPDAPADCS01,172.29.13.150,
DIRECTORIO ACTIVO,vspdapadcs02,172.30.163.35,
DIRECTORIO ACTIVO,vspdapadcs03,172.30.163.97,
DIRECTORIO ACTIVO,VSPDDHCP01,172.30.132.231,
DIRECTORIO ACTIVO,VSPDDHCP02,172.30.132.226,
EVALUACIONES EN LÍNEA -ECCL,sc0102d2z06,172.31.1.201,
EVALUACIONES EN LÍNEA -ECCL,vspdapeclin01,172.29.52.12,
EVALUACIONES EN LÍNEA -ECCL,vspdapeclin02,172.31.0.79,
FIRMA DIGITAL_CERTIFICACIONES,sc0102d2z02,172.29.10.142,
FIRMA DIGITAL_CERTIFICACIONES,sc0102d2z05,172.29.10.145,
FIRMA DIGITAL_CERTIFICACIONES,VSPDAPFIDIG01,172.30.163.162,
FIRMA DIGITAL_CERTIFICACIONES,VSPDAPFIDIG02,172.30.163.163,
FIRMA DIGITAL_CERTIFICACIONES,VSPDAPFIDIG03,172.30.163.164,
FIRMA DIGITAL_CERTIFICACIONES,VSPDAPFIDIG04,172.30.163.165,
FIRMA DIGITAL_CERTIFICACIONES,VSPDAPFIDIG05,172.30.163.166,
GESDOC06,sc0101d2z04,172.29.10.33,
GESDOC2K,sc0101d2z04,172.29.10.33,
Gestión Aceleradores y Estrategias (GAE),VSPDAPDASHB01,172.30.163.63,
Gestión Aceleradores y Estrategias (GAE),VSPDAPSDCACE01,172.30.163.171,
Gestión Aceleradores y Estrategias (GAE),VSPDAPSDCACE02,172.30.163.172,
GESTIÓN DOCUMENTAL ONBASE,sc01zdbadm04,172.29.20.56,
GESTIÓN DOCUMENTAL ONBASE,sc01zdbadm16,172.29.20.70,
GESTIÓN DOCUMENTAL ONBASE,VSPDAPOBASE01,172.29.18.233,
GESTIÓN DOCUMENTAL ONBASE,vspdapobase04ne,172.30.163.161,
GESTIÓN DOCUMENTAL ONBASE,vspdapobase06,172.29.18.81,
GESTIÓN DOCUMENTAL ONBASE,vspdapobase07,172.30.163.160,
GESTIÓN DOCUMENTAL ONBASE,VSPDFSOBASE01,172.30.163.240,
GESTIONWEB (WEBSUPPORT),VSPDAPWEBSU01,172.30.163.173,
GESTIONWEB (WEBSUPPORT),VSPDBDWEBSU01,172.31.4.89,
GXSERVER,VXGxServer01,172.29.19.32,
HERRAMIENTA DE GESTIÓN DE PROYECTOS,VSPRDBDSOW01,172.29.10.27,
HERRAMIENTA KMS,VSPDAPKMS01,172.29.19.56,
HERRAMIENTA KMS,VSPPAPKMS01,172.30.164.76,
INTEROPERABILIDAD SENA CONTRALORÍA,sc01zfadmpd01,172.29.11.41,
INTEROPERABILIDAD SENA CONTRALORÍA,sc01zfdbpd01,172.29.11.189,
INTEROPERABILIDAD SENA CONTRALORÍA,sc01zfdbpd02,172.29.11.199,
INTEROPERABILIDAD SENA CONTRALORÍA,sc01zfdbsoapd01,172.29.11.62,
INTEROPERABILIDAD SENA CONTRALORÍA,sc01zfdbsoapd02,172.29.11.178,
INTEROPERABILIDAD SENA CONTRALORÍA,sc01zfodipd01,172.29.11.42,
INTEROPERABILIDAD SENA CONTRALORÍA,sc01zfodipd02,172.29.11.50,
INTEROPERABILIDAD SENA CONTRALORÍA,sc01zfosbpd01,172.29.11.48,
INTEROPERABILIDAD SENA CONTRALORÍA,sc01zfosbpd02,172.29.11.49,
INTEROPERABILIDAD SENA CONTRALORÍA,sc01zfwlspd01,172.29.11.52,
INTEROPERABILIDAD SENA CONTRALORÍA,sc01zfwlspd02,172.29.11.53,
INTEROPERABILIDAD SENA XROAD,vspdapxroad01,172.31.2.230,
INTRASUITE,VSSENNOVAAPP01,172.29.19.42,
INTRASUITE,VSSQLSENA1BD02,172.29.11.143,
JASPER,vspdapjas01,172.29.18.13,
KACTUS,sc01zdbadm03,172.29.10.53,
KACTUS,sc01zdbadm15,172.29.10.75,
KACTUS,VSPDFTPKACT01,172.29.18.87,
KACTUS,VSPDRDKACT01,172.29.19.184,
KACTUS,VSPDRDKACT02,172.29.18.42,
KACTUS,VSPDRDKACT03,172.29.18.41,
KACTUS,VSPDRDKACT04,172.29.19.185,
KACTUS,VSPDWEBKACT01,172.29.18.43,
KACTUS,VSPDWEBKACT02,172.29.18.44,
LATCH - CA PRIVILEGED ACCESS MANAGER (CAPAM),VSCAPAMBD01,172.29.10.217,
LATCH - CA PRIVILEGED ACCESS MANAGER (CAPAM),VSPDAPCAPAM02,172.29.52.120,
LATCH - CA PRIVILEGED ACCESS MANAGER (CAPAM),VSPDAPCAPAM03,172.29.52.121,
LATCH - CA PRIVILEGED ACCESS MANAGER (CAPAM),VSPDAPPAMCE01,172.29.52.35,
LATCH - CA PRIVILEGED ACCESS MANAGER (CAPAM),VSPDAPPAMJS01,172.29.52.41,
LATCH - CA PRIVILEGED ACCESS MANAGER (CAPAM),VSPDAPPAMSA01,172.29.52.36,
LATCH - CA PRIVILEGED ACCESS MANAGER (CAPAM),VSPDBDPAMJS01,172.29.52.42,
Validar,VSPDAPGXFLW01,172.30.163.19,
LICENCIAMIENTO GENEXUS,VXGxServer01,172.29.19.32,
MANTIS BUGTRAKER,VSPDAPMANT01,172.30.163.28,
MANTUM COMPUTER MANAGEMENT MAINTENANCE SYSTEM (CMMS),vspdapcmms01,172.29.19.145,
MANTUM COMPUTER MANAGEMENT MAINTENANCE SYSTEM (CMMS),vspdapcmms02,172.29.19.146,
MANTUM COMPUTER MANAGEMENT MAINTENANCE SYSTEM (CMMS),vspdbdcmms01,172.29.11.16,
MANTUM COMPUTER MANAGEMENT MAINTENANCE SYSTEM (CMMS),vspdbdcmms02,172.29.11.17,
MANTUM COMPUTER MANAGEMENT MAINTENANCE SYSTEM (CMMS),VSPDFSCMMS01,172.29.19.200,
MEGAHOPEX,VSMEGAHOPEXAPP,172.29.52.39,
MEGAHOPEX,VSMEGAHOPEXDB,172.29.10.221,
MEN_OSB,sc01zfosbpd01,172.29.11.48,
MEN_OSB,sc01zfosbpd02,172.29.11.49,
MICROSOFT CRM - ON LINE,VSPPAPCRMPB01,172.30.164.117,
MICROSOFT CRM - ON PREMISE,VSCRMSQLREP02,172.29.10.26,
MICROSOFT SECURITY - RAAS,VSPDAPMOVERE01,172.29.52.32,
MODELOS ANALÍTICOS METAS DE FORMACIÓN,VSPDAPDASHB01,172.30.163.63,
MODELO DE ORIENTACIÓN VOCACIONAL Y OCUPACIONAL (MVO),sc01zdbadm11,172.29.20.153,
MODELO DE ORIENTACIÓN VOCACIONAL Y OCUPACIONAL (MVO),sc01zdbadm23,172.29.20.154,
MODELO DE ORIENTACIÓN VOCACIONAL Y OCUPACIONAL (MVO),vspdapmvo01,172.30.163.75,
MODELO DE ORIENTACIÓN VOCACIONAL Y OCUPACIONAL (MVO),vspdapmvo02,172.30.163.76,
MODELO DE ORIENTACIÓN VOCACIONAL Y OCUPACIONAL (MVO),vspdapmvo03,172.30.163.77,
MODELO DE ORIENTACIÓN VOCACIONAL Y OCUPACIONAL (MVO),vspdapmvo04,172.30.163.78,
MÓVIL FELIZMENTE,vspdapmfeliz01,172.31.3.32,
NORMOGRAMA,VSPDAPNORM01,172.30.163.143,
NORMOGRAMA,VSPDAPNORM02,172.30.163.144,
OBSERVATORIO LABORAL Y OCUPACIONAL,VSPDAPOBLAB01,172.30.163.86,
OBSERVATORIO LABORAL Y OCUPACIONAL,VSPDAPOBLAB02,172.30.163.87,
OBSERVATORIO LABORAL Y OCUPACIONAL,vspdbdogag01,172.31.4.67,
OBSERVATORIO LABORAL Y OCUPACIONAL,VSPDBDOGAG02,172.31.4.68,
OFICINA VIRTUAL FORMACIÓN,VSOVIRTAPP10,172.29.18.68,
OFICINA VIRTUAL FORMACIÓN,VSOVIRTAPP12,172.29.18.59,
OFICINA VIRTUAL FORMACIÓN,VSOVIRTAPP13,172.29.18.60,
OFICINA VIRTUAL FORMACIÓN,VSOVIRTAPP14,172.29.18.61,
OFICINA VIRTUAL FORMACIÓN,VSOVIRTTASK,172.29.18.62,
OFICINA VIRTUAL FORMACIÓN,VSPDBDOVIR01,172.29.10.195,
OFICINA VIRTUAL FORMACIÓN,VSPDBDOVIR02,172.29.10.196,
OFICINA VIRTUAL DE RADICACIÓN,VSPDAPOVIRT04,172.30.163.120,
OFICINA VIRTUAL DE RADICACIÓN,VSPDAPOVIRT05,172.30.163.121,
OFICINA VIRTUAL DE RADICACIÓN,VSPDAPOVIRT06,172.30.163.122,
OFICINA VIRTUAL DE RADICACIÓN,VSPDAPOVIRT07,172.30.163.123,
OFICINA VIRTUAL DE RADICACIÓN,vspdbdovirt01,172.31.4.84,
PÁGINA MI INVENTARIO,VSPDAPMINV01,172.30.163.131,
PÁGINA MI INVENTARIO,VSPDAPMINV02,172.30.163.132,
PERIÓDICO WEB SENA,VMDIGAPAA01,172.16.2.227,
PLANILLA INTEGRAL CARTERA,VSPDBDPLAN01,172.29.10.200,
PLANILLA INTEGRAL CARTERA,VSPDBDPLAN02,172.29.10.201,
PLANILLA INTEGRAL CARTERA,VSPLANAPP01,172.29.18.39,
PLANILLA INTEGRAL CARTERA,VSPLANAPP02,172.29.18.40,
PORTAL ANALÍTICA DEL SENA,VSPDAPDASHB01,172.30.163.63,
PORTAL ANALÍTICA DEL SENA,VSPDAPSDCACE01,172.30.163.171,
PORTAL ANALÍTICA DEL SENA,VSPDAPSDCACE02,172.30.163.172,
PORTAL DE INTEROPERABILIDADES DEL SENA,sc01zfosbpd01,172.29.11.48,
PORTAL DE INTEROPERABILIDADES DEL SENA,sc01zfosbpd02,172.29.11.49,
PORTAL DE INTEROPERABILIDADES DEL SENA,sc01zfwlspd01,172.29.11.52,
PORTAL DE INTEROPERABILIDADES DEL SENA,sc01zfwlspd02,172.29.11.53,
PORTAL DE INTEROPERABILIDADES DEL SENA,vspdbdgobda01,172.31.4.83,
PORTAL PQRSD,vspdappqrs01,172.30.163.151,
PORTAL PQRSD,vspdappqrs02,172.30.163.152,
PORTAL PQRSD,vspdbdpqrs01,172.31.4.102,
PORTAL WEB INSTITUCIONAL,VSPORTALAPP01,172.29.19.230,
PORTAL WEB INSTITUCIONAL,VSPORTALAPP02,172.29.19.231,
PORTAL WEB INSTITUCIONAL,VSPORTALAPP03,172.29.19.232,
PORTAL WEB INSTITUCIONAL,VSPORTALBD01,172.29.11.99,
PORTAL WEB INSTITUCIONAL,VSPORTALBD02,172.29.11.100,
PORTAL WEB INSTITUCIONAL,VSPORTALBUS01,172.29.19.233,
PORTAL WEB INSTITUCIONAL,VSPORTALFRONT01,172.29.18.89,
PORTAL WEB INSTITUCIONAL,VSPORTALFRONT02,172.29.18.90,
PORTAL WEB INSTITUCIONAL,VSPORTALFRONT03,172.29.18.48,
PORTAL WEB INSTITUCIONAL,VSPORTALFRONT04,172.29.18.49,
PROYECTO GESTIÓN DE CONOCIMIENTO,VSPROGESCONBQ01,172.29.19.213,
PROYECTO GESTIÓN DE CONOCIMIENTO,VSPROGESCONBQ02,172.29.19.214,
PROYECTO GESTIÓN DE CONOCIMIENTO,VSPROGESCONCD01,172.29.19.246,
PROYECTO GESTIÓN DE CONOCIMIENTO,VSPROGESCONCD02,172.29.19.247,
PROYECTO GESTIÓN DE CONOCIMIENTO,VSPROGESCONDB01,172.29.11.36,
PROYECTO GESTIÓN DE CONOCIMIENTO,VSPROGESCONDB02,172.29.11.40,
PROYECTO GESTIÓN DE CONOCIMIENTO,VSPROGESCONDB03,172.29.11.45,
PROYECTO GESTIÓN DE CONOCIMIENTO,VSPROGESCONFE01,172.29.19.248,
PROYECTO GESTIÓN DE CONOCIMIENTO,VSPROGESCONFE02,172.29.19.249,
REDMINE,VSREDMINEAPP01,172.29.19.245,
REGISTRADURIA SIRC - ANI,sc01zfosbpd01,172.29.11.48,
REGISTRADURIA SIRC - ANI,sc01zfosbpd02,172.29.11.49,
REPOSITORIO SVN DESARROLLOS,vspdapsvn01,172.30.163.34,
RETOS,vspdapretos02,172.30.163.102,
RETOS,vspdbdretos01,172.31.4.115,
RETOS,vspdbdretos02,172.31.4.116,
RODOLFO,VSPDAPRDOLF01,172.30.163.134,
RODOLFO,VSPDBDRDOLF01,172.31.4.86,
Validar,sc01zdbadm09,172.29.10.58,
Validar,sc01zdbadm21,172.31.1.178,
Validar,vsgsetomapp01,172.31.1.198,
Sede Electrónica Componente Tramites,sc01zdbadm10,172.29.10.59,
Sede Electrónica Componente Tramites,vspdapsect01,172.30.163.221,
Sede Electrónica Componente Tramites,vspdapsect02,172.30.163.222,
Sede Electrónica Componente Tramites,vspdapsect03,172.30.163.223,
Sede Electrónica Componente Tramites,vspdapsect04,172.30.163.224,
Sede Electrónica Componente Tramites,vspdapsect05,172.30.163.225,
Sede Electrónica Componente Tramites,vspdapsect06,172.30.163.226,
Sede Electrónica Componente Tramites,VSPDBDSECT01,172.31.4.91,
Sede Electrónica Componente Tramites,VSPDBDSECT02,172.31.4.97,
SEGUIMIENTO A PROYECTOS Y PRESUPUESTOS,sc01zdbadm10,172.29.10.59,
SEGUIMIENTO A PROYECTOS Y PRESUPUESTOS,sc01zdbadm22,172.31.1.179,
SEGUIMIENTO A PROYECTOS Y PRESUPUESTOS,VSPDAPDASHB01,172.30.163.63,
SEGUIMIENTO A PROYECTOS Y PRESUPUESTOS,VSPDAPSDCACE01,172.30.163.171,
SEGUIMIENTO A PROYECTOS Y PRESUPUESTOS,VSPDAPSDCACE02,172.30.163.172,
SENA SALUD360,vspdapsal3601,172.29.52.22,
SENA SALUD360,vspdapsal3602,172.29.52.21,
SENA SALUD360,vspdbdsal3601,172.29.11.46,
SENA SALUD360,vspdfssal3601,172.29.13.181,
SENADATA,vspdbdgobda01,172.31.4.83,
SENASOFT,VMDIGAPAA01,172.16.2.227,
SENASOFT,vssenasoftweb01,172.29.19.160,
SERVICIO MÉDICO ASISTENCIAL (SMA),sc01zdbadm05,172.29.10.55,
SERVICIO MÉDICO ASISTENCIAL (SMA),sc01zdbadm12,172.29.20.182,
SERVICIO MÉDICO ASISTENCIAL (SMA),sc01zdbadm17,172.29.10.77,
SERVICIO MÉDICO ASISTENCIAL (SMA),sc01zdbadm24,172.29.11.38,
SERVICIO MÉDICO ASISTENCIAL (SMA),VSPDAPSMA01,172.30.163.147,
SERVICIO MÉDICO ASISTENCIAL (SMA),VSPDAPSMA02,172.30.163.148,
SEVEN,VSSevenApp01,172.29.19.2,
SEVEN,VSSevenApp02,172.29.19.3,
SEVEN,VSSevenApp03,172.29.19.4,
SEVEN,vssevenbd01,172.29.11.112,
SEVEN,vssevenbd02,172.29.11.113,
SEVEN,VSSEVENNRAPP01,172.29.19.8,
SEVEN,VSSEVENNRAPP02,172.29.19.9,
SEVEN,VSSEVENPRAPP01,172.29.19.6,
SEVEN,VSSEVENPRAPP02,172.29.19.7,
Validar,vspdapcsir01,172.30.163.37,
SISTEMA DE INFORMACIÓN DE GESTIÓN VIRTUAL DE APRENDICES (SGVA),VSPDAPSGVA01,172.29.19.30,
SISTEMA DE INFORMACIÓN DE GESTIÓN VIRTUAL DE APRENDICES (SGVA),VSPDAPSGVA02,172.29.19.31,
SISTEMA DE INFORMACIÓN CARGUE Y REPORTE EVALUACIÓN DE DESEMPEÑO (SED),sc01zdbadm11,172.29.20.153,
SISTEMA DE INFORMACIÓN CARGUE Y REPORTE EVALUACIÓN DE DESEMPEÑO (SED),sc01zdbadm23,172.29.20.154,
SISTEMA DE INFORMACIÓN CARGUE Y REPORTE EVALUACIÓN DE DESEMPEÑO (SED),VSPDAPEVA01,172.30.163.52,
SISTEMA DE INFORMACIÓN CARGUE Y REPORTE EVALUACIÓN DE DESEMPEÑO (SED),VSPDAPEVA02,172.30.163.53,
SISTEMA DE INFORMACIÓN DE BIBLIOTECAS - OPEN JOURNAL SYSTEM (OJS),vspdbdapportalojs01,172.29.19.111,
SISTEMA DE INFORMACIÓN DE BIBLIOTECAS - Repositorio institucional DSPACE,VSPDAPBLDS01,172.29.19.80,
SISTEMA DE INFORMACIÓN DE BIBLIOTECAS - Repositorio institucional DSPACE,VSPDBDBLDS01,172.31.4.77,
Validar,VSPDAPSGVA01,172.29.19.30,
Validar,VSPDAPSGVA02,172.29.19.31,
Validar,vspdbdsgin01,172.31.4.60,
Validar,VSPDBDSGIN02,172.31.4.61,
SISTEMA DE LA DIRECCIÓN DE FORMACIÓN PARA EL TRABAJO (DSNFT),sc01zdbadm05,172.29.10.55,
SISTEMA DE LA DIRECCIÓN DE FORMACIÓN PARA EL TRABAJO (DSNFT),sc01zdbadm17,172.29.10.77,
SISTEMA DE LA DIRECCIÓN DE FORMACIÓN PARA EL TRABAJO (DSNFT),vspdapcompe02,172.29.19.5,
SISTEMA DE LA DIRECCIÓN DE FORMACIÓN PARA EL TRABAJO (DSNFT),vspdapcompe03,172.29.19.40,
SISTEMA DE LA DIRECCIÓN DE FORMACIÓN PARA EL TRABAJO (DSNFT),vspdapcomxp01,172.29.18.57,
SISTEMA DE LA DIRECCIÓN DE FORMACIÓN PARA EL TRABAJO (DSNFT),vspdapdsnft01,172.29.19.49,
SISTEMA DE LA DIRECCIÓN DE FORMACIÓN PARA EL TRABAJO (DSNFT),vspdapdsnft02,172.29.19.50,
SISTEMA DE LA DIRECCIÓN DE FORMACIÓN PARA EL TRABAJO (DSNFT),vspdapdsnft03,172.29.19.51,
SISTEMA DE LA DIRECCIÓN DE FORMACIÓN PARA EL TRABAJO (DSNFT),vspdapdsnft04,172.29.19.52,
SISTEMA DE LA DIRECCIÓN DE FORMACIÓN PARA EL TRABAJO (DSNFT),vspdapdsnft05,172.29.19.155,
SISTEMA DE LA DIRECCIÓN DE FORMACIÓN PARA EL TRABAJO (DSNFT),vspdapdsnft06,172.29.19.157,
SISTEMA DE LA DIRECCIÓN DE FORMACIÓN PARA EL TRABAJO (DSNFT),vspdapdsnft07,172.29.19.103,
SISTEMA DE LA DIRECCIÓN DE FORMACIÓN PARA EL TRABAJO (DSNFT),vspdapdsnft08,172.29.19.104,
SISTEMA DE LA DIRECCIÓN DE FORMACIÓN PARA EL TRABAJO (DSNFT),vspdapeclin01,172.29.52.12,
SISTEMA DE LA DIRECCIÓN DE FORMACIÓN PARA EL TRABAJO (DSNFT),vspdapeclin02,172.31.0.79,
SISTEMA DE INFORMACIÓN DE LA EJECUCIÓN DE LA FORMACIÓN VIRTUAL (SIEFV),vsvotosftapp01,172.29.19.147,
SISTEMA DE INFORMACIÓN DE LA EJECUCIÓN DE LA FORMACIÓN VIRTUAL (SIEFV),VSVOTOSFTSQL01,172.29.11.23,
"SISTEMA DE INFORMACIÓN DE RECAUDO, CARTERA Y COBRO COACTIVO (SIREC)",vssirecapp01,172.29.19.105,
"SISTEMA DE INFORMACIÓN DE RECAUDO, CARTERA Y COBRO COACTIVO (SIREC)",vssirecapp02,172.29.19.106,
"SISTEMA DE INFORMACIÓN DE RECAUDO, CARTERA Y COBRO COACTIVO (SIREC)",vssirecbd01,172.29.11.14,
"SISTEMA DE INFORMACIÓN DE RECAUDO, CARTERA Y COBRO COACTIVO (SIREC)",vssirecbd02,172.29.11.15,
AGENCIA PÚBLICA DE EMPLEO (PORTAL),VSPDAPSPAPE01,172.30.163.113,
AGENCIA PÚBLICA DE EMPLEO (PORTAL),VSPDAPSPAPE02,172.30.163.114,
AGENCIA PÚBLICA DE EMPLEO (PORTAL),VSPDAPSPAPE03,172.30.163.115,
AGENCIA PÚBLICA DE EMPLEO (PORTAL),VSPDAPSPAPE04,172.30.163.116,
AGENCIA PÚBLICA DE EMPLEO (PORTAL),VSPDAPSPAPE05,172.30.163.136,
AGENCIA PÚBLICA DE EMPLEO (PORTAL),VSPDAPSPAPE06,172.30.163.137,
AGENCIA PÚBLICA DE EMPLEO (PORTAL),VSPDAPSPAPE07,172.30.163.138,
AGENCIA PÚBLICA DE EMPLEO (PORTAL),VSPDAPSPAPE08,172.30.163.139,
AGENCIA PÚBLICA DE EMPLEO (PORTAL),VSPDAPSPAPE09,172.30.163.140,
AGENCIA PÚBLICA DE EMPLEO (PORTAL),VSPDAPSPAPE10,172.30.163.141,
AGENCIA PÚBLICA DE EMPLEO (PORTAL),VSPDAPSPAPE11,172.30.163.142,
AGENCIA PÚBLICA DE EMPLEO (PORTAL),VSPDAPSPAPE12,172.30.163.181,
AGENCIA PÚBLICA DE EMPLEO (PORTAL),VSPDAPSPAPE13,172.30.163.182,
AGENCIA PÚBLICA DE EMPLEO (PORTAL),VSPDAPSPAPE14,172.30.163.183,
AGENCIA PÚBLICA DE EMPLEO (PORTAL),VSPDAPSPAPE15,172.30.163.184,
AGENCIA PÚBLICA DE EMPLEO (PORTAL),vspdapspape16,172.30.163.185,
AGENCIA PÚBLICA DE EMPLEO (PORTAL),VSPDAPSPAPE17,172.30.163.186,
AGENCIA PÚBLICA DE EMPLEO (PORTAL),VSPDAPSPAPE18,172.30.163.187,
AGENCIA PÚBLICA DE EMPLEO (PORTAL),VSPDAPSPAPE19,172.30.163.188,
AGENCIA PÚBLICA DE EMPLEO (PORTAL),vspdapspape20,172.30.163.189,
AGENCIA PÚBLICA DE EMPLEO (PORTAL),VSPDAPSPAPE21,172.30.163.190,
AGENCIA PÚBLICA DE EMPLEO (PORTAL),vspdapspape22,172.30.163.191,
AGENCIA PÚBLICA DE EMPLEO (PORTAL),vspdapspape23,172.30.163.192,
AGENCIA PÚBLICA DE EMPLEO (PORTAL),vspdapspape24,172.30.163.193,
AGENCIA PÚBLICA DE EMPLEO (PORTAL),VSPDBDSPAPE01,172.31.4.79,
AGENCIA PÚBLICA DE EMPLEO (PORTAL),VSPDBDSPAPE02,172.31.4.80,
AGENCIA PÚBLICA DE EMPLEO (PORTAL),VSPORTALAPP01,172.29.19.230,
AGENCIA PÚBLICA DE EMPLEO (PORTAL),VSPORTALAPP02,172.29.19.231,
AGENCIA PÚBLICA DE EMPLEO (PORTAL),VSPORTALAPP03,172.29.19.232,
AGENCIA PÚBLICA DE EMPLEO (PORTAL),VSPORTALBD01,172.29.11.99,
AGENCIA PÚBLICA DE EMPLEO (PORTAL),VSPORTALBD02,172.29.11.100,
AGENCIA PÚBLICA DE EMPLEO (PORTAL),VSPORTALBUS01,172.29.19.233,
AGENCIA PÚBLICA DE EMPLEO (PORTAL),VSPORTALFRONT01,172.29.18.89,
AGENCIA PÚBLICA DE EMPLEO (PORTAL),VSPORTALFRONT02,172.29.18.90,
AGENCIA PÚBLICA DE EMPLEO (PORTAL),VSPORTALFRONT03,172.29.18.48,
AGENCIA PÚBLICA DE EMPLEO (PORTAL),VSPORTALFRONT04,172.29.18.49,
AGENCIA PÚBLICA DE EMPLEO (TRANSACCIONAL),sc0101d2z09,172.29.10.34,
AGENCIA PÚBLICA DE EMPLEO (TRANSACCIONAL),sc01iod1z01,172.29.11.241,
AGENCIA PÚBLICA DE EMPLEO (TRANSACCIONAL),sc01iod1z02,172.29.18.51,
AGENCIA PÚBLICA DE EMPLEO (TRANSACCIONAL),sc01iod1z07,172.29.10.175,
AGENCIA PÚBLICA DE EMPLEO (TRANSACCIONAL),sc01iod1z12,172.29.18.32,
AGENCIA PÚBLICA DE EMPLEO (TRANSACCIONAL),sc01iod2z08,172.29.10.176,
AGENCIA PÚBLICA DE EMPLEO (TRANSACCIONAL),sc01iod2z10,172.29.10.168,
AGENCIA PÚBLICA DE EMPLEO (TRANSACCIONAL),sc01iomgt0101,172.29.11.221,
AGENCIA PÚBLICA DE EMPLEO (TRANSACCIONAL),sc01iomgt0201,172.29.11.222,
AGENCIA PÚBLICA DE EMPLEO (TRANSACCIONAL),sc01zdbadm07,172.31.1.167,
AGENCIA PÚBLICA DE EMPLEO (TRANSACCIONAL),sc01zdbadm19,172.29.10.79,
AGENCIA PÚBLICA DE EMPLEO (TRANSACCIONAL),vsaperep01,172.29.18.38,
AGENCIA PÚBLICA DE EMPLEO (TRANSACCIONAL),VSDEAPWKAPE01,172.30.176.86,
AGENCIA PÚBLICA DE EMPLEO (TRANSACCIONAL),VSDEBDWKAPE01,172.30.162.152,
SISTEMA DE EVALUACIÓN Y CERTIFICACIÓN DE COMPETENCIAS LABORALES (SECCL),PSNMVBOGSECCLBD,172.29.33.130,
SISTEMA DE EVALUACIÓN Y CERTIFICACIÓN DE COMPETENCIAS LABORALES (SECCL),vspdapcompe02,172.29.19.5,
SISTEMA DE EVALUACIÓN Y CERTIFICACIÓN DE COMPETENCIAS LABORALES (SECCL),vspdapcompe03,172.29.19.40,
SISTEMA DE EVALUACIÓN Y CERTIFICACIÓN DE COMPETENCIAS LABORALES (SECCL),vspdapcomxp01,172.29.18.57,
SISTEMA DE EVALUACIÓN Y CERTIFICACIÓN DE COMPETENCIAS LABORALES (SECCL),vspdapeclin01,172.29.52.12,
SISTEMA DE EVALUACIÓN Y CERTIFICACIÓN DE COMPETENCIAS LABORALES (SECCL),VSSECCLAPP01,172.29.18.46,
SISTEMA DE EVALUACIÓN Y CERTIFICACIÓN DE COMPETENCIAS LABORALES (SECCL),VSSECCLAPP02,172.29.18.47,
SISTEMA DE EVALUACIÓN Y CERTIFICACIÓN DE COMPETENCIAS LABORALES (SECCL),vssecclbd01,172.29.11.126,
SISTEMA DE EVALUACIÓN Y CERTIFICACIÓN DE COMPETENCIAS LABORALES (SECCL),VSSECCLBD02,172.29.11.135,
SISTEMA DE EVALUACIÓN Y CERTIFICACIÓN DE COMPETENCIAS LABORALES (SECCL),VSSECCLTASK01,172.29.19.187,
Validar,sc0102d2z06,172.31.1.201,
SISTEMA FINANCIERO INTEGRADO FINANZAS 2000 (SFI),sc0101d2z01,172.29.10.49,
SISTEMA FINANCIERO INTEGRADO FINANZAS 2000 (SFI),sc0102d2z01,172.29.10.131,
SISTEMA FINANCIERO INTEGRADO FINANZAS 2000 (SFI),VSSFIAPP01,172.29.18.75,
SISTEMA FINANCIERO INTEGRADO FINANZAS 2000 (SFI),VSSFIAPP02,172.29.18.76,
SISTEMA DE INFORMACIÓN OPTIMIZADO PARA LA FORMACIÓN INTEGRAL Y EL APRENDIZAJE ACTIVO (SOFIA PLUS),sc01zdbadm02,172.29.10.52,
SISTEMA DE INFORMACIÓN OPTIMIZADO PARA LA FORMACIÓN INTEGRAL Y EL APRENDIZAJE ACTIVO (SOFIA PLUS),sc01zdbadm06,172.29.10.56,
SISTEMA DE INFORMACIÓN OPTIMIZADO PARA LA FORMACIÓN INTEGRAL Y EL APRENDIZAJE ACTIVO (SOFIA PLUS),sc01zdbadm14,172.29.10.74,
SISTEMA DE INFORMACIÓN OPTIMIZADO PARA LA FORMACIÓN INTEGRAL Y EL APRENDIZAJE ACTIVO (SOFIA PLUS),sc01zdbadm18,172.29.10.78,
SISTEMA DE INFORMACIÓN OPTIMIZADO PARA LA FORMACIÓN INTEGRAL Y EL APRENDIZAJE ACTIVO (SOFIA PLUS),sfsofapp01,172.29.18.118,
SISTEMA DE INFORMACIÓN OPTIMIZADO PARA LA FORMACIÓN INTEGRAL Y EL APRENDIZAJE ACTIVO (SOFIA PLUS),sfsofapp02,172.29.18.114,
SISTEMA DE INFORMACIÓN OPTIMIZADO PARA LA FORMACIÓN INTEGRAL Y EL APRENDIZAJE ACTIVO (SOFIA PLUS),sfsofapp03,172.29.18.116,
SISTEMA DE INFORMACIÓN OPTIMIZADO PARA LA FORMACIÓN INTEGRAL Y EL APRENDIZAJE ACTIVO (SOFIA PLUS),sfsofapp04,172.29.18.109,
SISTEMA DE INFORMACIÓN OPTIMIZADO PARA LA FORMACIÓN INTEGRAL Y EL APRENDIZAJE ACTIVO (SOFIA PLUS),sfsofapp05,172.29.18.122,
SISTEMA DE INFORMACIÓN OPTIMIZADO PARA LA FORMACIÓN INTEGRAL Y EL APRENDIZAJE ACTIVO (SOFIA PLUS),sfsofapp06,172.29.18.119,
SISTEMA DE INFORMACIÓN OPTIMIZADO PARA LA FORMACIÓN INTEGRAL Y EL APRENDIZAJE ACTIVO (SOFIA PLUS),sfsofapp07,172.29.18.117,
SISTEMA DE INFORMACIÓN OPTIMIZADO PARA LA FORMACIÓN INTEGRAL Y EL APRENDIZAJE ACTIVO (SOFIA PLUS),sfsofapp08,172.29.18.103,
SISTEMA DE INFORMACIÓN OPTIMIZADO PARA LA FORMACIÓN INTEGRAL Y EL APRENDIZAJE ACTIVO (SOFIA PLUS),sfsofapp09,172.29.18.107,
SISTEMA DE INFORMACIÓN OPTIMIZADO PARA LA FORMACIÓN INTEGRAL Y EL APRENDIZAJE ACTIVO (SOFIA PLUS),sfsofapp10,172.29.18.120,
SISTEMA DE INFORMACIÓN OPTIMIZADO PARA LA FORMACIÓN INTEGRAL Y EL APRENDIZAJE ACTIVO (SOFIA PLUS),sfsofapp11,172.29.18.104,
SISTEMA DE INFORMACIÓN OPTIMIZADO PARA LA FORMACIÓN INTEGRAL Y EL APRENDIZAJE ACTIVO (SOFIA PLUS),sfsofapp12,172.29.18.113,
SISTEMA DE INFORMACIÓN OPTIMIZADO PARA LA FORMACIÓN INTEGRAL Y EL APRENDIZAJE ACTIVO (SOFIA PLUS),sfsofauth01,172.29.18.101,
SISTEMA DE INFORMACIÓN OPTIMIZADO PARA LA FORMACIÓN INTEGRAL Y EL APRENDIZAJE ACTIVO (SOFIA PLUS),sfsofauth02,172.29.18.102,
SISTEMA DE INFORMACIÓN OPTIMIZADO PARA LA FORMACIÓN INTEGRAL Y EL APRENDIZAJE ACTIVO (SOFIA PLUS),sfsofbdmy01,172.29.18.110,
SISTEMA DE INFORMACIÓN OPTIMIZADO PARA LA FORMACIÓN INTEGRAL Y EL APRENDIZAJE ACTIVO (SOFIA PLUS),sfsofbdmy02,172.29.18.108,
SISTEMA DE INFORMACIÓN OPTIMIZADO PARA LA FORMACIÓN INTEGRAL Y EL APRENDIZAJE ACTIVO (SOFIA PLUS),sfsofbi01,172.29.18.100,
SISTEMA DE INFORMACIÓN OPTIMIZADO PARA LA FORMACIÓN INTEGRAL Y EL APRENDIZAJE ACTIVO (SOFIA PLUS),SOFRELAY01,172.29.19.235,
SISTEMA DE INFORMACIÓN OPTIMIZADO PARA LA FORMACIÓN INTEGRAL Y EL APRENDIZAJE ACTIVO (SOFIA PLUS),VSMISENAAPP01,172.29.19.68,
SISTEMA DE INFORMACIÓN OPTIMIZADO PARA LA FORMACIÓN INTEGRAL Y EL APRENDIZAJE ACTIVO (SOFIA PLUS),VSPDAPSOFTP01,172.29.19.240,
SISTEMA NACIONAL DE PRODUCCIÓN DE CENTROS DE FORMACIÓN-PASARELA DE PAGOS-WOMPI BANCOLOMBIA,VSLIQAPP01,172.29.18.11,
SISTEMA NACIONAL DE PRODUCCIÓN DE CENTROS DE FORMACIÓN (SGARC),VSLIQAPP01,172.29.18.11,
SISTEMA DE INFORMACIÓN DE ADMINISTRACIÓN Y CONTROL DE BIENES (SACB) ,vsorionsapp11,172.29.19.198,
SISTEMA DE INFORMACIÓN DE ADMINISTRACIÓN Y CONTROL DE BIENES (SACB) ,vsorionsbd11,172.29.11.25,
SISTEMA DE INFORMACIÓN DE ADMINISTRACIÓN Y CONTROL DE BIENES (SACB) ,vsorionsbd12,172.29.11.26,
SISTEMA DE INFORMACIÓN DE ADMINISTRACIÓN Y CONTROL DE BIENES (SACB) ,vsorionsrep11,172.29.19.201,
SISTEMA DE INFORMACIÓN DE ADMINISTRACIÓN Y CONTROL DE BIENES (SACB) ,vsorionsweb11,172.29.18.238,
SISTEMA DE INFORMACIÓN DE ADMINISTRACIÓN Y CONTROL DE BIENES (SACB) ,vsorionsweb12,172.29.18.239,
SISTEMA ADMINISTRATIVO ORIONS,sc0102d2z03,172.29.20.143,
SISTEMA ADMINISTRATIVO ORIONS,TSOM15,172.30.128.28,
SISTEMA ADMINISTRATIVO ORIONS,vsorionsapp01,172.29.18.77,
SISTEMA ADMINISTRATIVO ORIONS,VSORIONSAPP02,172.29.18.78,
SISTEMA ADMINISTRATIVO ORIONS,vspdaporion01,172.30.163.99,
SISTEMA AUTO AUDITORIA DE CONTROL INTERNO (AUTOAUDIT),VMDIGAUTADSQL01,172.16.2.107,
SISTEMA AUTO AUDITORIA DE CONTROL INTERNO (AUTOAUDIT),VSPDBDAUDIT01,172.31.4.28,
SISTEMA DE ADMINISTRACIÓN DE DATOS MAESTROS (SADAM),sc01zdbadm10,172.29.10.59,
SISTEMA DE ADMINISTRACIÓN DE DATOS MAESTROS (SADAM),sc01zdbadm22,172.31.1.179,
SISTEMA DE ADMINISTRACIÓN DE DATOS MAESTROS (SADAM),vsgovapp01,172.29.19.140,
SISTEMA DE ADMINISTRACIÓN DE DATOS MAESTROS (SADAM),vsgovapp02,172.29.19.141,
SISTEMA DE ADMINISTRACIÓN DE DATOS MAESTROS (SADAM),vsgovapp03,172.29.19.142,
SISTEMA DE ADMINISTRACIÓN DE DATOS MAESTROS (SADAM),vsgovapp04,172.29.19.143,
SISTEMA DE GESTIÓN DE CENTROS (SGC),sc01zdbadm25,172.29.21.17,
SISTEMA DE GESTIÓN DE CENTROS (SGC),vssgcapp01,172.29.19.81,
SISTEMA DE GESTIÓN DE CENTROS (SGC),vssgcapp02,172.29.19.82,
SISTEMA DE GESTIÓN DE CENTROS (SGC),VSSGCAPP03,172.29.18.79,
SISTEMA DE GESTIÓN DE CENTROS (SGC),VSSGCAPP04,172.29.18.80,
SISTEMA DE INFORMACIÓN DE BIBLIOTECAS - EZPROXY,VSEZPROXY01,2801:1ca:2:1224:dc01:ceda:ac1d:135e,
SISTEMA DE INFORMACIÓN DE BIBLIOTECAS - ALEPH500,vspdbdapaleph01,172.29.19.218,
SISTEMA DE INFORMACIÓN DE CONTRATISTAS (SIC),sc01zdbadm11,172.29.20.153,
SISTEMA DE INFORMACIÓN DE CONTRATISTAS (SIC),sc01zdbadm23,172.29.20.154,
SISTEMA DE INFORMACIÓN DE CONTRATISTAS (SIC),VSPDAPSICON01,172.30.163.110,
SISTEMA DE INFORMACIÓN DE CONTRATISTAS (SIC),VSPDAPSICON02,172.30.163.111,
SISTEMA DE INFORMACIÓN DE CONTRATISTAS (SIC),VSPDAPSICON03,172.30.163.112,
SISTEMA DE INFORMACIÓN DE LA ENI (SIENI),VSPDAPSIEN01,172.29.19.171,
SISTEMA DE INFORMACIÓN DE LA ENI (SIENI),VSPDAPSIEN02,172.29.19.172,
SISTEMA DE INFORMACIÓN DE PERMISOS SINDICALES (SIPS),VSPDAPSIND01,172.30.163.50,
SISTEMA DE INFORMACIÓN DE PERMISOS SINDICALES (SIPS),VSPDAPSIND02,172.30.163.51,
SISTEMA DE INFORMACIÓN DISCIPLINARIA (SID3),VSPDAPSID01,172.30.163.146,
SISTEMA DE INFORMACIÓN DISCIPLINARIA (SID3),VSPDBDSID01,172.31.4.88,
SISTEMA DE INTELIGENCIA ORGANIZACIONAL DEL SENA (SIOS),VSANACOESQL01,172.29.11.183,
SISTEMA DE INTELIGENCIA ORGANIZACIONAL DEL SENA (SIOS),VSINTCOESQL01,172.29.11.184,
SISTEMA DE INTELIGENCIA ORGANIZACIONAL DEL SENA (SIOS),vsonpcoesql01,172.29.11.186,
SISTEMA DE INTELIGENCIA ORGANIZACIONAL DEL SENA (SIOS),VSPDBDSIOS01,172.31.4.73,
Validar,sc0102d2z06,172.31.1.201,
Validar,vspdapcompe02,172.29.19.5,
Validar,vspdapcompe03,172.29.19.40,
Validar,vspdapcomxp01,172.29.18.57,
CÓDIGO DE BARRAS - SPU,VSFLIASENAPP02,172.29.19.144,
SISTEMA DE TRANSFORMACIÓN DIGITAL EN SALUD (TDS),psdigdbghips,172.16.2.83,
SISTEMA DE VOTO ELECTRÓNICO,VSPDAPVOTA01,172.29.52.40,
SISTEMA DE VOTO ELECTRÓNICO,VSPDAPVOTA03,172.29.52.43,
SISTEMA DE VOTO ELECTRÓNICO,VSPDAPVOTA04,172.29.52.44,
SISTEMA DE VOTO ELECTRÓNICO,vsvotaciondb,172.29.10.246,
SISTEMA EMPRESARIAL DE PROYECTOS (SEP),sc01zdbadm12,172.29.20.182,
SISTEMA EMPRESARIAL DE PROYECTOS (SEP),sc01zdbadm24,172.29.11.38,
SISTEMA EMPRESARIAL DE PROYECTOS (SEP),VSPDAPSEP01,172.30.163.177,
SISTEMA EMPRESARIAL DE PROYECTOS (SEP),VSPDAPSEP02,172.30.163.178,
SISTEMA FONDO NACIONAL DE VIVIENDA DEL SENA,sc01zdbadm11,172.29.20.153,
SISTEMA FONDO NACIONAL DE VIVIENDA DEL SENA,sc01zdbadm23,172.29.20.154,
SISTEMA FONDO NACIONAL DE VIVIENDA DEL SENA,VSPDAPVIVDA01,172.30.163.117,
SISTEMA FONDO NACIONAL DE VIVIENDA DEL SENA,VSPDAPVIVDA02,172.30.163.118,
SISTEMA INTEGRADO DE GESTIÓN DE PROYECTOS (SIGP),TSOM15,172.30.128.28,
SISTEMA INTEGRADO DE GESTIÓN DE PROYECTOS (SIGP),vssigpapp01,172.29.18.73,
SISTEMA INTEGRADO DE GESTIÓN DE PROYECTOS (SIGP),vssigpapp05,172.29.18.74,
SOFTWARE IDEA-CONTROL INTERNO,VMDIGBOGIDEA,172.16.2.154,
SOFTWARE IDEA-CONTROL INTERNO,VSPDAPIDEA01,172.30.163.229,
SOLUCIÓN ANALÍTICA DATOS ABIERTOS,VSPDAPDASHB01,172.30.163.63,
SOLUCIÓN ANALÍTICA DATOS ABIERTOS,vspdbdgobda01,172.31.4.83,
SOPORTE DE AMBIENTE VIRTUAL DE APRENDIZAJE (SAVA),vspdapsava01,172.29.18.243,
SOPORTE DE AMBIENTE VIRTUAL DE APRENDIZAJE (SAVA),vspdbdsava02,172.29.10.253,
SOPORTE Y MANTENIMIENTO DE APLICATIVOS - WIKI,vspdapwiki01,172.30.163.95,
SERVICIO MÉDICO ASISTENCIAL - SPU,sc0102d2z06,172.31.1.201,
SERVICIO MÉDICO ASISTENCIAL - SPU,VSPDAPSPU01,172.30.163.174,
SERVICIO MÉDICO ASISTENCIAL - SPU,VSPDAPSPU02,172.30.163.175,
VISOR BLACKBOARD,vsorcldblms01,172.29.35.249,
WORLDSKILLS,VMDIGAPAA01,172.16.2.227,
